province,fullAddr,time,lat,lng
上海,上海上海市黄浦区,24,31.227203440769,121.49607206403
上海,上海上海市徐汇区,24,31.169152089592,121.44623500473
上海,上海上海市长宁区,24,31.213301496814,121.38761610866
上海,上海上海市静安区,24,31.235380803488,121.454755557
上海,上海上海市普陀区,24,31.263742929076,121.39844294375
上海,上海上海市闸北区,24,31.288044465926,121.45776881021
上海,上海上海市虹口区,24,31.282497228987,121.49191854079
上海,上海上海市杨浦区,24,31.304510479542,121.53571659963
上海,上海上海市闵行区,24,31.093537540382,121.42502428093
上海,上海上海市宝山区,24,31.398622694467,121.40904121845
上海,上海上海市嘉定区,24,31.364338055434,121.25101353756
上海,上海上海市浦东新区,24,31.230895349134,121.63848131409
上海,上海上海市金山区,24,30.835080777082,121.24840817975
上海,上海上海市松江区,24,31.021244628099,121.22679050142
上海,上海上海市青浦区,24,31.130862397997,121.09142524282
上海,上海上海市奉贤区,24,30.915122452606,121.56064167963
云南省,云南省昆明市呈贡区,24,24.871681730304,102.872617402
云南省,云南省昆明市五华区,24,25.261305956605,102.64937733166
云南省,云南省昆明市西山区,24,24.983630124462,102.60347769299
云南省,云南省昆明市盘龙区,24,25.274019484219,102.76755633841
云南省,云南省昆明市官渡区,24,25.031310976713,102.82881924705
云南省,云南省昆明市安宁市,48,24.852355456268,102.39112679952
云南省,云南省昆明市富民县,48,25.363439290284,102.58410264122
云南省,云南省昆明市寻甸县,48,25.666609835146,103.12781347645
云南省,云南省昆明市禄劝县,48,25.943771040548,102.59302748518
云南省,云南省楚雄州武定县,48,25.731109547237,102.20117587964
云南省,云南省西双版纳州景洪市,48,22.111413013255,100.92731774534
云南省,云南省丽江市古城区,48,26.859300417703,100.32859641682
云南省,云南省丽江市玉龙县,48,27.104463367195,99.951633936724
云南省,云南省曲靖市麒麟区,48,25.360057471573,103.91332638626
云南省,云南省曲靖市宣威市,48,26.276828622628,104.15257073219
云南省,云南省曲靖市沾益县,48,25.786710595914,103.84623836171
云南省,云南省大理州大理市,48,25.693966622473,100.21920895422
云南省,云南省玉溪市红塔区,48,24.369853985289,102.49989459797
云南省,云南省红河州蒙自县,48,23.346571630132,103.49968892168
云南省,云南省红河州开远县,48,23.729056002823,103.40015451021
云南省,云南省红河州个旧县,48,23.305692435101,103.14915471408
云南省,云南省文山州文山市,48,23.369870719795,104.24442291543
云南省,云南省普洱市思茅区,48,22.739133092283,100.85525310555
云南省,云南省保山市隆阳区,48,25.205265354944,99.069046057861
云南省,云南省曲靖市马龙县,72,25.368839999918,103.51309543424
云南省,云南省曲靖市陆良县,72,25.037570538056,103.70738599876
云南省,云南省曲靖市师宗县,72,24.680198025566,104.12947917517
云南省,云南省曲靖市罗平县,72,24.983157127291,104.34927875646
云南省,云南省曲靖市会泽县,72,26.46221827304,103.46854362948
云南省,云南省曲靖市富源县,72,25.467214378875,104.36745192446
云南省,云南省大理州鹤庆县,72,26.3354536106,100.27717450154
云南省,云南省大理州祥云县,72,25.516673292855,100.77807073662
云南省,云南省大理州弥渡县,72,25.1911077724,100.58186613328
云南省,云南省大理州宾川县,72,25.875307433534,100.62753770311
云南省,云南省大理州云龙县,72,25.894118475707,99.310077976062
云南省,云南省大理州剑川县,72,26.439596125001,99.750307802477
云南省,云南省大理州南涧县,72,24.903013805535,100.42490043802
云南省,云南省大理州漾濞县,72,25.605571782134,99.898375043674
云南省,云南省大理州永平县,72,25.374646522171,99.600792211043
云南省,云南省大理州巍山县,72,25.246753229328,100.17863906921
云南省,云南省大理州洱源县,72,26.072915856529,99.912156461292
云南省,云南省玉溪市元江县,72,23.586228573771,102.01883982504
云南省,云南省玉溪市易门县,72,24.6964042729,102.12219715311
云南省,云南省玉溪市澄江县,72,24.678380080254,102.94685033975
云南省,云南省玉溪市新平县,72,24.029740767019,101.73913066729
云南省,云南省玉溪市通海县,72,24.117558495247,102.71141640598
云南省,云南省玉溪市江川县,72,24.357607112235,102.76972833382
云南省,云南省玉溪市华宁县,72,24.284812305871,102.99906774243
云南省,云南省玉溪市峨山县,72,24.246114547538,102.21924987866
云南省,云南省红河州元阳县,72,23.069203281087,102.81956744943
云南省,云南省红河州石屏县,72,23.746259346157,102.45624894616
云南省,云南省红河州屏边县,72,23.10293665479,103.74841865939
云南省,云南省红河州弥勒县,72,24.226171661176,103.3897655617
云南省,云南省红河州绿春县,72,22.879205635376,102.24532652527
云南省,云南省红河州泸西县,72,24.517287142428,103.78325262963
云南省,云南省红河州金平县,72,22.782362632707,103.10295686991
云南省,云南省红河州建水县,72,23.683913975607,102.88967448622
云南省,云南省红河州红河县,72,23.25095486222,102.24334816633
云南省,云南省红河州河口县,72,22.787362600257,103.82344937104
云南省,云南省文山州砚山县,72,23.369870719795,104.24442291543
云南省,云南省文山州丘北县,72,24.127816712063,104.1103336155
云南省,云南省文山州马关县,72,22.956555382199,104.2703122499
云南省,云南省文山州麻栗县,72,23.369870719795,104.24442291543
云南省,云南省文山州广南县,72,23.967819904212,105.00649035975
云南省,云南省文山州富宁县,72,23.707256011437,105.74960821588
云南省,云南省普洱市镇沅县,72,23.947142361467,100.98205355627
云南省,云南省普洱市西盟县,72,22.708423462771,99.522119995137
云南省,云南省普洱市宁洱县,72,23.097350457989,101.19686023959
云南省,云南省普洱市墨江县,72,23.363251135433,101.55548645512
云南省,云南省普洱市孟连县,72,22.29422526245,99.478067991072
云南省,云南省普洱市澜沧县,72,22.788777780149,100.98005773013
云南省,云南省普洱市景谷县,72,23.368117190796,100.56429126294
云南省,云南省普洱市景东县,72,24.39672894394,100.79520569746
云南省,云南省普洱市江城县,72,22.625657650356,101.79692922563
北京,北京北京市东城区,24,39.938574012986,116.42188470126
北京,北京北京市西城区,24,39.934280143709,116.37319010402
北京,北京北京市朝阳区,24,39.958953166407,116.52169489108
北京,北京北京市丰台区,24,39.841937852205,116.25837033547
北京,北京北京市石景山区,24,39.938866544646,116.18455581037
北京,北京北京市海淀区,24,40.033162045078,116.23967780102
北京,北京北京市房山区,24,39.726752620796,115.8628363129
北京,北京北京市通州区,24,39.809814883851,116.74007918068
北京,北京北京市顺义区,24,40.154951470441,116.72822904528
北京,北京北京市昌平区,24,40.221723549832,116.21645635689
北京,北京北京市大兴区,24,39.652790118364,116.42519459738
北京,北京北京市怀柔区,24,40.638139340311,116.59340835643
北京,北京北京市平谷区,24,40.215925453896,117.15043344819
北京,北京北京市延庆县,48,40.545156469742,116.1697352863
北京,北京北京市密云区,48,40.532843361005,117.00120053501
北京,北京北京市门头沟区,48,40.000893031476,115.79579538125
四川省,四川省成都市锦江区,24,30.606301824621,104.12426938462
四川省,四川省成都市青羊区,24,30.685101946314,103.98842870094
四川省,四川省成都市金牛区,24,30.735622100763,104.06137695451
四川省,四川省成都市武侯区,24,30.612881788753,104.04124020837
四川省,四川省成都市成华区,24,30.695040111899,104.15003204704
四川省,四川省成都市龙泉驿区,24,30.603368382019,104.30118080707
四川省,四川省成都市青白江区,24,30.796353967983,104.34642982356
四川省,四川省成都市新都区,24,30.839503886637,104.11658349961
四川省,四川省成都市温江区,24,30.730254927008,103.81646839534
四川省,四川省成都市高新区,24,30.598188377235,104.07273445704
四川省,四川省成都市金堂县,48,30.728612610912,104.61537139695
四川省,四川省成都市双流县,48,30.459477533346,104.04089937279
四川省,四川省成都市郫县,48,30.839641883011,103.88462503305
四川省,四川省成都市大邑县,48,30.614941412606,103.38845160801
四川省,四川省成都市蒲江县,48,30.239938504594,103.49773846901
四川省,四川省成都市新津县,48,30.42786608997,103.83217681027
四川省,四川省成都市都江堰市,48,31.039123659728,103.63734201321
四川省,四川省成都市彭州市,48,31.148577255886,103.88986635887
四川省,四川省成都市邛崃市,48,30.388736018151,103.37651244321
四川省,四川省成都市崇州市,48,30.71964092397,103.52946689588
四川省,四川省自贡市自流井区,48,29.28261396923,104.70785437828
四川省,四川省自贡市贡井区,48,29.314590727756,104.6027348472
四川省,四川省自贡市大安区,48,29.411547695333,104.87756638738
四川省,四川省自贡市沿滩区,48,29.242640479342,104.854763441
四川省,四川省自贡市荣县,48,29.398978496698,104.372407917
四川省,四川省自贡市富顺县,48,29.152297063892,105.02222048778
四川省,四川省攀枝花市东区,48,26.587571257109,101.72242315249
四川省,四川省攀枝花市西区,48,26.587571257109,101.72242315249
四川省,四川省泸州市江阳区,48,28.87690067554,105.37171257028
四川省,四川省泸州市纳溪区,48,28.614041373614,105.3906055521
四川省,四川省泸州市龙马潭区,48,28.987460236388,105.4378416897
四川省,四川省泸州市泸县,48,29.124919969133,105.50826734902
四川省,四川省泸州市合江县,48,28.751865254096,105.93160013109
四川省,四川省泸州市叙永县,48,28.099206628496,105.46859233328
四川省,四川省泸州市古蔺县,48,27.983319448381,105.93629331276
四川省,四川省德阳市旌阳区,48,31.179805144786,104.41525849556
四川省,四川省德阳市中江县,48,30.887114236708,104.80495180574
四川省,四川省德阳市罗江县,48,31.320265186662,104.53541026815
四川省,四川省德阳市广汉市,48,31.006480881164,104.29847583599
四川省,四川省德阳市什邡市,48,31.29369418585,104.01987074915
四川省,四川省德阳市绵竹市,48,31.436657312108,104.12929386201
四川省,四川省绵阳市涪城区,48,31.435734812547,104.67051389601
四川省,四川省绵阳市游仙区,48,31.518816009605,104.98157984665
四川省,四川省绵阳市三台县,48,31.118872490873,105.04258112078
四川省,四川省绵阳市盐亭县,48,31.247942979309,105.4790711008
四川省,四川省绵阳市安县,48,31.589181642776,104.36878601078
四川省,四川省绵阳市梓潼县,48,31.653620996937,105.19383418448
四川省,四川省绵阳市江油市,48,31.952426668806,104.93314929993
四川省,四川省广元市利州区,48,32.478529639449,105.7853172322
四川省,四川省广元市朝天区,48,32.708417209014,106.02216392398
四川省,四川省广元市剑阁县,48,31.921947731961,105.50302096949
四川省,四川省广元市苍溪县,48,31.918551658673,106.11328295036
四川省,四川省遂宁市船山区,48,30.523499649283,105.62152802077
四川省,四川省遂宁市安居区,48,30.363522338679,105.41441146849
四川省,四川省遂宁市蓬溪县,48,30.657491289748,105.71608763636
四川省,四川省遂宁市射洪县,48,30.908078631387,105.38824463742
四川省,四川省遂宁市大英县,48,30.580190633917,105.25637201729
四川省,四川省内江市市中区,48,29.55164493068,104.95397876928
四川省,四川省内江市东兴区,48,29.628088552472,105.20216881381
四川省,四川省内江市威远县,48,29.599588801619,104.59397578195
四川省,四川省内江市资中县,48,29.813836235002,104.80746566888
四川省,四川省内江市隆昌县,48,29.367868749158,105.25295771714
四川省,四川省乐山市市中区,48,29.61984411709,103.80478219007
四川省,四川省乐山市五通桥区,48,29.395443506532,103.84663334546
四川省,四川省乐山市金口河区,48,29.293819974164,103.07336628607
四川省,四川省乐山市犍为县,48,29.231190495122,103.98019853458
四川省,四川省乐山市井研县,48,29.644500661501,104.05532967168
四川省,四川省乐山市夹江县,48,29.7761069203,103.55926293457
四川省,四川省乐山市沐川县,48,29.006905081763,103.82650268685
四川省,四川省乐山市峨眉山市,48,29.50700404085,103.40091230856
四川省,四川省南充市顺庆区,48,30.949624560849,106.11579825983
四川省,四川省南充市高坪区,48,30.75468404314,106.25975917374
四川省,四川省南充市嘉陵区,48,30.665451829003,105.93870307769
四川省,四川省南充市南部县,48,31.349802866479,105.92351381942
四川省,四川省南充市营山县,48,31.162322799073,106.7185269662
四川省,四川省南充市蓬安县,48,31.007075500318,106.42891733521
四川省,四川省南充市西充县,48,31.063877074354,105.85733163521
四川省,四川省南充市阆中市,48,31.602117348886,106.07809314825
四川省,四川省眉山市东坡区,48,30.057372008382,103.74833257305
四川省,四川省眉山市仁寿县,48,29.985868914405,104.22551880085
四川省,四川省眉山市彭山县,48,30.254453222201,103.86569126114
四川省,四川省眉山市洪雅县,48,29.694316499556,103.18015949893
四川省,四川省眉山市丹棱县,48,30.014802935586,103.43451305805
四川省,四川省眉山市青神县,48,29.82275999862,103.83750799161
四川省,四川省宜宾市翠屏区,48,28.81581998264,104.69325460374
四川省,四川省宜宾市南溪区,48,28.897216490964,104.9414533836
四川省,四川省宜宾市宜宾县,48,28.906871431718,104.38270989151
四川省,四川省宜宾市江安县,48,28.663532600917,105.12877827717
四川省,四川省宜宾市长宁县,48,28.515433786755,104.93114856989
四川省,四川省宜宾市高县,48,28.463200492005,104.5930664103
四川省,四川省宜宾市珙县,48,28.196990137689,104.8066179908
四川省,四川省宜宾市筠连县,48,28.042098884244,104.58843340511
四川省,四川省宜宾市兴文县,48,28.255538437302,105.14122589128
四川省,四川省宜宾市屏山县,48,28.702428662485,103.99911803649
四川省,四川省广安市广安区,48,30.599249987199,106.75891196362
四川省,四川省广安市前锋区,48,30.468303361562,106.64422965248
四川省,四川省广安市岳池县,48,30.540768629653,106.4208329851
四川省,四川省广安市武胜县,48,30.373904543993,106.23136624407
四川省,四川省广安市邻水县,48,30.263283994028,107.00333361946
四川省,四川省广安市华蓥市,48,30.321832376319,106.75941195402
四川省,四川省达州市通川区,48,31.238764440346,107.51920394973
四川省,四川省达州市达川区,48,31.214198858945,107.49497344659
四川省,四川省达州市大竹县,48,30.690772377766,107.27987739412
四川省,四川省雅安市雨城区,48,29.928506655301,103.03840450831
四川省,四川省雅安市名山区,48,29.999716337066,103.00935646635
四川省,四川省雅安市荥经县,48,29.740877769322,102.69194616494
四川省,四川省雅安市汉源县,48,29.431575643201,102.62513643454
四川省,四川省雅安市石棉县,48,29.235484876512,102.2939695159
四川省,四川省雅安市天全县,48,30.078874542047,102.57830462584
四川省,四川省雅安市芦山县,48,30.440281571631,103.01809878481
四川省,四川省雅安市宝兴县,48,30.567649711279,102.71689365787
四川省,四川省巴中市巴州区,48,31.785302790667,106.739266453
四川省,四川省资阳市雁江区,48,30.091647255037,104.75541652784
四川省,四川省资阳市安岳县,48,29.999677270422,105.4008757725
四川省,四川省资阳市乐至县,48,30.313944636249,105.02831576248
四川省,四川省资阳市简阳市,48,30.393006013007,104.53630458787
天津,天津天津市和平区,24,39.124808844703,117.20281365403
天津,天津天津市河东区,24,39.126625684666,117.26169316527
天津,天津天津市河西区,24,39.084493739615,117.23616545062
天津,天津天津市南开区,24,39.116987285522,117.16272794945
天津,天津天津市河北区,24,39.173148933924,117.22029676508
天津,天津天津市红桥区,24,39.170621331225,117.16221680792
天津,天津天津市东丽区,24,39.139604642775,117.41478234325
天津,天津天津市西青区,24,39.035064611485,117.12620134665
天津,天津天津市津南区,24,38.969790532725,117.39290995972
天津,天津天津市北辰区,24,39.259130625979,117.18060609828
天津,天津天津市武清区,24,39.457042575494,117.03457791373
天津,天津天津市宝坻区,48,39.615544004133,117.41142059078
天津,天津天津市蓟县,48,40.009613660624,117.44115922146
天津,天津天津市静海县,48,38.861262144345,116.97277226162
天津,天津天津市宁河县,48,39.381560996017,117.68942402507
安徽省,安徽省合肥市瑶海区,24,31.905375399342,117.33122366889
安徽省,安徽省合肥市庐阳区,24,31.912901051134,117.24783468704
安徽省,安徽省合肥市蜀山区,24,31.838184928803,117.23128044361
安徽省,安徽省合肥市包河区,24,31.790724288122,117.35391279997
安徽省,安徽省芜湖市镜湖区,24,31.351965582559,118.38724548573
安徽省,安徽省芜湖市弋江区,24,31.216676779902,118.33596966824
安徽省,安徽省芜湖市鸠江区,24,31.375481957255,118.49397424134
安徽省,安徽省芜湖市三山区,24,31.212824987426,118.3117984229
安徽省,安徽省蚌埠市龙子湖区,24,32.926342521363,117.47832568768
安徽省,安徽省蚌埠市蚌山区,24,32.881522954878,117.35635619096
安徽省,安徽省蚌埠市禹会区,24,32.889696360476,117.3055150635
安徽省,安徽省淮南市田家庵区,24,32.564363767687,117.01468721736
安徽省,安徽省淮南市谢家集区,24,32.544400181652,116.90877214688
安徽省,安徽省淮南市潘集区,24,32.800694621968,116.86619300469
安徽省,安徽省马鞍山市花山区,24,31.711627118315,118.57834785585
安徽省,安徽省马鞍山市雨山区,24,31.659719310829,118.55455812086
安徽省,安徽省淮北市杜集区,24,34.113251414374,116.95496714841
安徽省,安徽省淮北市相山区,24,33.988334722309,116.72896156685
安徽省,安徽省铜陵市铜官山区,24,30.929418780741,117.81073717384
安徽省,安徽省铜陵市狮子山区,24,30.944772265424,117.88974925192
安徽省,安徽省安庆市迎江区,24,30.541457598958,117.15254234871
安徽省,安徽省安庆市大观区,24,30.532487247564,116.9809683319
安徽省,安徽省安庆市宜秀区,24,30.614339999814,117.05612964375
安徽省,安徽省滁州市琅琊区,24,32.338458080903,118.33756892154
安徽省,安徽省阜阳市颍州区,24,32.867688563381,115.72772731323
安徽省,安徽省阜阳市颍东区,24,32.941585109575,116.03998540511
安徽省,安徽省阜阳市颍泉区,24,33.073509996971,115.73402623147
安徽省,安徽省宿州市埇桥区,24,33.726032251705,117.15907588963
安徽省,安徽省六安市金安区,24,31.631258470539,116.66194105885
安徽省,安徽省六安市裕安区,24,31.753038540484,116.30257286162
安徽省,安徽省池州市贵池区,24,30.514085692989,117.50847770852
安徽省,安徽省宣城市宣州区,24,30.943631043255,118.7978027295
山东省,山东省济南市市中区,24,36.584025608593,116.97943490154
山东省,山东省济南市槐荫区,24,36.682531368156,116.89119924147
山东省,山东省济南市天桥区,24,36.778077694991,116.98315714712
山东省,山东省济南市历城区,24,36.612688160201,117.1908183999
山东省,山东省济南市历下区,24,36.659338577102,117.10158579685
山东省,山东省济南市长清区,24,36.428570220761,116.8035523233
山东省,山东省德州市德城区,24,37.45743710416,116.33291247583
山东省,山东省济宁市市中区,24,35.410528695522,116.59834042791
山东省,山东省滨州市滨城区,24,37.424890835984,117.98121111677
山东省,山东省东营市东营区,24,37.408666288041,118.61264305188
山东省,山东省聊城市东昌府区,24,36.455829587246,115.90770556753
山东省,山东省青岛市市南区,24,36.072517005321,120.37618412944
山东省,山东省青岛市市北区,24,36.100057507009,120.37849501736
山东省,山东省青岛市崂山区,24,36.195587169547,120.58490643507
山东省,山东省青岛市城阳区,24,36.284246909785,120.34632618533
山东省,山东省青岛市李沧区,24,36.192897252321,120.43114552866
山东省,山东省青岛市黄岛区,24,36.005019406172,120.16954109898
山东省,山东省日照市东港区,24,35.469377334235,119.37785169728
山东省,山东省烟台市芝罘区,24,37.520933396965,121.36415635471
山东省,山东省烟台市莱山区,24,37.407476077054,121.45153473051
山东省,山东省烟台市福山区,24,37.4810742238,121.20346125307
山东省,山东省潍坊市奎文区,24,36.691227364273,119.19697218249
广东省,广东省广州市荔湾区,24,23.093666203644,113.23442278391
广东省,广东省广州市越秀区,24,23.139277859339,113.28783302666
广东省,广东省广州市海珠区,24,23.087629228789,113.33384126613
广东省,广东省广州市天河区,24,23.166129265425,113.38564289133
广东省,广东省广州市白云区,24,23.294514083014,113.33130628641
广东省,广东省广州市黄埔区,24,23.108711814239,113.49288457425
广东省,广东省广州市番禺区,24,22.934590795798,113.41679952965
广东省,广东省广州市萝岗区,24,23.256272300342,113.52257363237
广东省,广东省深圳市罗湖区,24,22.581934478848,114.15639529324
广东省,广东省深圳市福田区,24,22.551730572433,114.05559275391
广东省,广东省深圳市南山区,24,22.558887751083,113.95072266574
广东省,广东省深圳市宝安区,24,22.707432793082,113.93001313569
广东省,广东省深圳市龙岗区,24,22.657462286882,114.34769572771
广东省,广东省深圳市盐田区,24,22.606981337589,114.27848287567
广东省,广东省深圳市光明新区,24,22.78669406443,113.89872688526
广东省,广东省深圳市坪山新区,24,22.696909141603,114.34998598686
广东省,广东省深圳市大鹏新区,24,22.591399983321,114.48708824833
广东省,广东省深圳市龙华新区,24,22.659210205235,114.03049680522
广东省,广东省珠海市香洲区,24,22.26559983535,113.53373098039
广东省,广东省珠海市斗门区,24,22.216636753124,113.24798167517
广东省,广东省珠海市金湾区,24,22.04721492726,113.41758987066
广东省,广东省佛山市禅城区,24,23.004210165991,113.07042319497
广东省,广东省佛山市南海区,24,23.07826538747,113.04138132585
广东省,广东省佛山市顺德区,24,22.848510084787,113.18702987688
广东省,广东省东莞市东莞市,24,23.043023815368,113.76343399076
广东省,广东省中山市中山市,24,22.545177514513,113.4220600208
广东省,广东省广州市花都区,48,23.446660997141,113.22017551212
广东省,广东省广州市南沙区,48,22.729893804121,113.58022392527
广东省,广东省广州市从化市,48,23.680249334509,113.68482375339
广东省,广东省广州市增城市,48,23.346745000895,113.76768712498
广东省,广东省珠海市金湾区,48,22.04721492726,113.41758987066
广东省,广东省汕头市龙湖区,48,23.408849226222,116.75934746239
广东省,广东省汕头市金平区,48,23.399887892781,116.65179359137
广东省,广东省汕头市濠江区,48,23.282442837577,116.71136293853
广东省,广东省汕头市潮阳区,48,23.347253898106,116.48544753544
广东省,广东省汕头市潮南区,48,23.181395091106,116.41405584392
广东省,广东省汕头市澄海区,48,23.532996549632,116.8148077949
广东省,广东省佛山市禅城区,48,23.004210165991,113.07042319497
广东省,广东省佛山市南海区,48,23.07826538747,113.04138132585
广东省,广东省佛山市顺德区,48,22.848510084787,113.18702987688
广东省,广东省佛山市三水区,48,23.294580845555,112.90467719327
广东省,广东省佛山市高明区,48,22.824522683444,112.68325830314
广东省,广东省江门市蓬江区,48,22.660132832793,113.06077007598
广东省,广东省江门市江海区,48,22.554846678035,113.13537054201
广东省,广东省江门市新会区,48,22.38821506964,113.0347511329
广东省,广东省湛江市赤坎区,48,21.287667885107,110.37972297262
广东省,广东省湛江市霞山区,48,21.2048473973,110.38519600028
广东省,广东省湛江市麻章区,48,21.094100364979,110.33802177707
广东省,广东省肇庆市端州区,48,23.103323258382,112.47779387429
广东省,广东省肇庆市鼎湖区,48,23.208968105809,112.62524912783
广东省,广东省肇庆市广宁县,48,23.677207015329,112.44331648004
广东省,广东省肇庆市怀集县,48,23.974272952942,112.18024001499
广东省,广东省肇庆市封开县,48,23.561267405148,111.72348651223
广东省,广东省肇庆市德庆县,48,23.276366860198,111.98726848872
广东省,广东省肇庆市高要市,48,23.082587100411,112.46171212596
广东省,广东省肇庆市四会市,48,23.431443755334,112.68755812366
广东省,广东省惠州市惠城区,48,23.163063495714,114.4858976486
广东省,广东省惠州市惠阳区,48,22.874748008729,114.47456584419
广东省,广东省梅州市梅江区,48,24.290750354901,116.11595202018
广东省,广东省梅州市梅县,48,24.371491367226,116.19954348528
广东省,广东省阳江市江城区,48,21.762803637074,111.93003574135
广东省,广东省阳江市阳西县,48,21.720609599412,111.60050919755
广东省,广东省阳江市阳东县,48,21.963854929907,112.06628262116
广东省,广东省阳江市阳春市,48,22.223897927949,111.69444876956
广东省,广东省清远市清城区,48,23.62585596526,113.11458528252
广东省,广东省清远市清新区,48,23.899181235749,112.88654838725
广东省,广东省清远市英德市,48,24.225680391225,113.32316898492
广东省,广东省潮州市湘桥区,48,23.700043577114,116.67789952964
江苏省,江苏省南京市玄武区,24,32.07176566029,118.84893734485
江苏省,江苏省南京市秦淮区,24,32.007969136143,118.81722069709
江苏省,江苏省南京市建邺区,24,32.012518207527,118.71334176065
江苏省,江苏省南京市鼓楼区,24,32.068604458801,118.76505691316
江苏省,江苏省南京市浦口区,24,32.05906230054,118.56912478518
江苏省,江苏省南京市栖霞区,24,32.16942425653,118.96372475912
江苏省,江苏省南京市雨花台区,24,31.954552108797,118.72197857905
江苏省,江苏省南京市江宁区,24,31.863971430281,118.83541822485
江苏省,江苏省南京市六合区,24,32.400640243232,118.84816604456
江苏省,江苏省南京市溧水区,24,31.596963064023,119.03992713388
江苏省,江苏省南京市高淳区,24,31.336381348076,118.97189979257
江苏省,江苏省无锡市崇安区,24,31.597340932457,120.32890273154
江苏省,江苏省无锡市南长区,24,31.542866031913,120.3157981976
江苏省,江苏省无锡市北塘区,24,31.60936939901,120.28212572947
江苏省,江苏省无锡市锡山区,24,31.615587416408,120.49100821099
江苏省,江苏省无锡市惠山区,24,31.656376333546,120.21529447552
江苏省,江苏省无锡市滨湖区,24,31.466578565031,120.24850182101
江苏省,江苏省徐州市鼓楼区,24,34.301409800357,117.29612858533
江苏省,江苏省徐州市云龙区,24,34.22248667954,117.27617608552
江苏省,江苏省徐州市贾汪区,24,34.410527773608,117.49824588411
江苏省,江苏省徐州市泉山区,24,34.241946575704,117.1755840183
江苏省,江苏省徐州市铜山区,24,34.288408537241,117.29537566591
江苏省,江苏省常州市天宁区,24,31.777803256373,120.00176576036
江苏省,江苏省常州市钟楼区,24,31.79851137455,119.91243874189
江苏省,江苏省常州市戚墅堰区,24,31.756898203871,120.05635932723
江苏省,江苏省常州市新北区,24,31.939946043961,119.90315390841
江苏省,江苏省常州市武进区,24,31.672903473648,119.94343167667
江苏省,江苏省苏州市虎丘区,24,31.351869327642,120.47842441781
江苏省,江苏省苏州市吴中区,24,31.179869740166,120.36577637267
江苏省,江苏省苏州市相城区,24,31.450775031111,120.64685298258
江苏省,江苏省苏州市姑苏区,24,31.341640997036,120.62667790822
江苏省,江苏省苏州市吴江区,24,31.144429493129,120.65192861585
江苏省,江苏省南通市崇川区,24,31.962660695271,120.88759857738
江苏省,江苏省南通市港闸区,24,32.071256422788,120.82387483505
江苏省,江苏省南通市通州区,24,32.081032429992,121.02885851307
江苏省,江苏省连云港市连云区,24,34.638921829102,119.46701669742
江苏省,江苏省连云港市新浦区,24,34.656800787697,119.26057354252
江苏省,江苏省连云港市海州区,24,34.514160144549,119.16219625272
江苏省,江苏省淮安市清河区,24,33.595284167188,119.13683099216
江苏省,江苏省淮安市淮安区,24,33.606512739276,119.03018636466
江苏省,江苏省淮安市淮阴区,24,33.664059258402,118.93566378046
江苏省,江苏省淮安市清浦区,24,33.488642468951,119.02532466311
江苏省,江苏省盐城市亭湖区,24,33.378948242447,120.20635135183
江苏省,江苏省盐城市盐都区,24,33.265898266894,119.96850073907
江苏省,江苏省扬州市广陵区,24,32.395670095608,119.48667775758
江苏省,江苏省扬州市邗江区,24,32.425830218252,119.45826385876
江苏省,江苏省扬州市江都区,24,32.539866421874,119.7016661599
江苏省,江苏省镇江市京口区,24,32.201996095087,119.5848217021
江苏省,江苏省镇江市润州区,24,32.19664652864,119.43092031591
江苏省,江苏省镇江市丹徒区,24,32.114041364762,119.4989723505
江苏省,江苏省泰州市海陵区,24,32.488257837661,119.92117442715
江苏省,江苏省泰州市高港区,24,32.330075314459,119.92574377278
江苏省,江苏省泰州市姜堰区,24,32.526452493171,120.09081624481
江苏省,江苏省宿迁市宿城区,24,33.862829055956,118.27463983758
江苏省,江苏省宿迁市宿豫区,24,34.009529591744,118.34369284322
江苏省,江苏省无锡市江阴市,24,31.837425422051,120.31067896716
江苏省,江苏省无锡市宜兴市,24,31.362244911879,119.79026529658
江苏省,江苏省徐州市丰县,24,34.695773328628,116.61573315373
江苏省,江苏省徐州市沛县,24,34.700648164694,116.91146840815
江苏省,江苏省徐州市睢宁县,24,33.946570640866,117.89036426969
江苏省,江苏省徐州市新沂市,24,34.284442736534,118.34412147229
江苏省,江苏省徐州市邳州市,24,34.402946394877,117.90306004276
江苏省,江苏省常州市溧阳市,24,31.425241931012,119.38283894831
江苏省,江苏省常州市金坛市,24,31.72305418071,119.51503835097
江苏省,江苏省苏州市常熟市,24,31.669446047798,120.83148596516
江苏省,江苏省苏州市张家港市,24,31.907812337769,120.62727852834
江苏省,江苏省苏州市昆山市,24,31.328936795497,120.96580778411
江苏省,江苏省苏州市太仓市,24,31.571904296415,121.15897767248
江苏省,江苏省南通市海安县,24,32.553985066143,120.47392692165
江苏省,江苏省南通市如东县,24,32.387662145338,121.05924442185
江苏省,江苏省南通市启东市,24,31.871301838383,121.67882229665
江苏省,江苏省南通市如皋市,24,32.273616272606,120.580143985
江苏省,江苏省南通市海门市,24,31.956038868177,121.31247014367
江苏省,江苏省连云港市赣榆县,24,34.889529702924,119.0413999107
江苏省,江苏省连云港市东海县,24,34.556383225488,118.79230964695
江苏省,江苏省连云港市灌云县,24,34.406832167104,119.39277519918
江苏省,江苏省连云港市灌南县,24,34.175194871764,119.44639688138
江苏省,江苏省淮安市涟水县,24,33.884155184174,119.32495655858
江苏省,江苏省淮安市洪泽县,24,33.235206279639,118.82819979281
江苏省,江苏省淮安市盱眙县,24,32.971613125783,118.53823246743
江苏省,江苏省淮安市金湖县,24,33.02583443776,119.14563113528
江苏省,江苏省盐城市响水县,24,34.232797426966,119.79760156833
江苏省,江苏省盐城市滨海县,24,34.092317176392,120.02660867811
江苏省,江苏省盐城市阜宁县,24,33.71197604815,119.70499024879
江苏省,江苏省盐城市射阳县,24,33.745462250481,120.27950474858
江苏省,江苏省盐城市建湖县,24,33.488907986634,119.83649673997
江苏省,江苏省盐城市东台市,24,32.791442548289,120.56376947144
江苏省,江苏省盐城市大丰市,24,33.190868236328,120.54627433451
江苏省,江苏省扬州市宝应县,24,33.225833658364,119.45565078384
江苏省,江苏省扬州市仪征市,24,32.392636465119,119.20095502034
江苏省,江苏省扬州市高邮市,24,32.835943695939,119.50340701788
江苏省,江苏省镇江市丹阳市,24,31.960263455083,119.64430350829
江苏省,江苏省镇江市扬中市,24,32.189469410323,119.84513751029
江苏省,江苏省镇江市句容市,24,31.932634957798,119.20707980344
江苏省,江苏省泰州市兴化市,24,32.961954308808,119.99641814069
江苏省,江苏省泰州市靖江市,24,32.039442789049,120.27689862725
江苏省,江苏省泰州市泰兴市,24,32.213678940627,120.135346292
江苏省,江苏省宿迁市沭阳县,24,34.154013659597,118.85774971753
江苏省,江苏省宿迁市泗阳县,24,33.708800542074,118.65694128685
江苏省,江苏省宿迁市泗洪县,24,33.425955266134,118.3125512525
河北省,河北省石家庄市长安区,24,38.076874795787,114.59262155387
河北省,河北省石家庄市桥东区,24,38.063389753809,114.51078430496
河北省,河北省石家庄市桥西区,24,38.033364550068,114.43813995532
河北省,河北省石家庄市新华区,24,38.117218640478,114.45350142869
河北省,河北省石家庄市裕华区,24,38.014621045712,114.58638255261
河北省,河北省唐山市路南区,24,39.612986996735,118.20604028639
河北省,河北省唐山市路北区,24,39.657845680029,118.18506997308
河北省,河北省秦皇岛市海港区,24,39.988779577117,119.57761724583
河北省,河北省秦皇岛市北戴河区,24,39.854292584187,119.47932079421
河北省,河北省邯郸市邯山区,24,36.536153078937,114.46928986668
河北省,河北省邯郸市丛台区,24,36.637214815152,114.51106763052
河北省,河北省邯郸市复兴区,24,36.610368592227,114.44809470749
河北省,河北省邢台市桥东区,24,37.059046252073,114.52129744384
河北省,河北省邢台市桥西区,24,37.053579664221,114.46840126286
河北省,河北省保定市新市区,24,38.88118294749,115.41224520287
河北省,河北省保定市北市区,24,38.89751051328,115.53291188711
河北省,河北省保定市南市区,24,38.821876910812,115.48478445077
河北省,河北省张家口市桥东区,24,40.782910350247,114.91516641164
河北省,河北省张家口市桥西区,24,40.83764647974,114.8616234507
河北省,河北省承德市双桥区,24,40.971406352197,117.94835524238
河北省,河北省沧州市新华区,24,38.308375333084,116.89305880724
河北省,河北省沧州市运河区,24,38.314446124596,116.84485357764
河北省,河北省廊坊市安次区,24,39.345312180639,116.79612310881
河北省,河北省廊坊市广阳区,24,39.533685537455,116.69423648939
河北省,河北省衡水市桃城区,24,37.72421788608,115.66665700012
河北省,河北省石家庄市井陉矿区,48,38.08109756116,114.05074376291
河北省,河北省石家庄市辛集市,48,37.924121876409,115.29874950521
河北省,河北省石家庄市藁城市,48,38.05493638214,114.81647579987
河北省,河北省石家庄市晋州市,48,37.991145102246,115.09173828064
河北省,河北省石家庄市新乐市,48,38.377578025839,114.76227076683
河北省,河北省石家庄市鹿泉市,48,38.084706825488,114.34732259893
河北省,河北省唐山市古冶区,48,39.723044780378,118.46223153818
河北省,河北省唐山市开平区,48,39.692123420846,118.25784790075
河北省,河北省唐山市丰南区,48,39.384662748593,118.08584709899
河北省,河北省唐山市丰润区,48,39.789909410339,118.05949036617
河北省,河北省唐山市曹妃甸区,48,39.650530922537,118.18345059773
河北省,河北省唐山市遵化市,48,40.137901064021,117.95763912762
河北省,河北省唐山市迁安市,48,40.04044251326,118.68695461732
河北省,河北省秦皇岛市山海关区,48,40.032899628101,119.7136155797
河北省,河北省邯郸市峰峰矿区,48,36.474684997423,114.19042164993
河北省,河北省邯郸市武安市,48,36.748995476597,114.05833396936
河北省,河北省邢台市南宫市,48,37.286427413275,115.47940958601
河北省,河北省邢台市沙河市,48,36.938635459346,114.28309250179
河北省,河北省保定市定州市,48,38.465839158048,115.05740695232
河北省,河北省保定市安国市,48,38.393739990352,115.33482671534
河北省,河北省保定市高碑店市,48,39.265087764832,116.04093362477
河北省,河北省张家口市宣化区,48,40.632394360149,115.25847218771
河北省,河北省张家口市下花园区,48,40.568836928653,115.35049833098
河北省,河北省承德市双滦区,48,41.051453160703,117.80933581725
河北省,河北省沧州市泊头市,48,38.090278710884,116.38923597745
河北省,河北省沧州市黄骅市,48,38.401521845487,117.40021701974
河北省,河北省沧州市河间市,48,38.483721432479,116.27159283893
河北省,河北省廊坊市霸州市,48,39.109320079055,116.57430598976
河北省,河北省衡水市冀州市,48,37.556069973278,115.47029255049
河北省,河北省衡水市深州市,48,37.957012862702,115.58669880842
河南省,河南省三门峡市湖滨区,24,34.771777672947,111.28129514586
河南省,河南省信阳市平桥区,24,32.307840062297,114.1390859663
河南省,河南省信阳市浉河区,24,32.031339669892,113.96277662182
河南省,河南省南阳市卧龙区,24,33.009838704626,112.48426735075
河南省,河南省南阳市宛城区,24,32.934703186447,112.61390774771
河南省,河南省周口市川汇区,24,33.630875553438,114.65795015653
河南省,河南省商丘市梁园区,24,34.5030395946,115.63773066554
河南省,河南省商丘市睢阳区,24,34.286754693787,115.58978387844
河南省,河南省安阳市北关区,24,36.141695896219,114.39143588406
河南省,河南省安阳市文峰区,24,36.034147665845,114.41852222061
河南省,河南省安阳市殷都区,24,36.135573231517,114.29712997501
河南省,河南省安阳市龙安区,24,36.056024537571,114.25660364057
河南省,河南省平顶山市卫东区,24,33.769107814671,113.36538845598
河南省,河南省平顶山市新华区,24,33.771546437308,113.20808222559
河南省,河南省平顶山市湛河区,24,33.71234144492,113.27818922149
河南省,河南省平顶山市石龙区,24,33.892093587751,112.89469073779
河南省,河南省开封市南关区,24,34.801854175837,114.35164211776
河南省,河南省开封市禹王台区,24,34.783898803451,114.35515646858
河南省,河南省开封市金明区,24,34.798748149986,114.37915452062
河南省,河南省开封市顺河回族区,24,34.802277442839,114.36853133932
河南省,河南省开封市鼓楼区,24,34.801854175837,114.35164211776
河南省,河南省开封市龙亭区,24,34.807157970847,114.36197128367
河南省,河南省新乡市凤泉区,24,35.399318437608,113.86418902939
河南省,河南省新乡市卫滨区,24,35.294831576876,113.86463773299
河南省,河南省新乡市新华区,24,35.307257557661,113.91269016082
河南省,河南省新乡市牧野区,24,35.338890167673,113.89672215157
河南省,河南省新乡市红旗区,24,35.286150085139,113.91461891258
河南省,河南省洛阳市伊滨区,24,34.657367817651,112.44752476895
河南省,河南省洛阳市洛龙区,24,34.638792103903,112.46709264771
河南省,河南省洛阳市涧西区,24,34.671667591915,112.39075320818
河南省,河南省洛阳市瀍河回族区,24,34.702931706602,112.50509438434
河南省,河南省洛阳市老城区,24,34.704033141562,112.45917255752
河南省,河南省洛阳市西工区,24,34.689693743302,112.4071257244
河南省,河南省济源市济源区,24,35.105364562479,112.40526796973
河南省,河南省漯河市召陵区,24,33.57798961468,114.18514173047
河南省,河南省漯河市源汇区,24,33.53475547247,113.92360106938
河南省,河南省漯河市郾城区,24,33.670703809923,113.94136182694
河南省,河南省濮阳市华龙区,24,35.77193370823,115.04809659609
河南省,河南省焦作市中站区,24,35.257023702543,113.16153562728
河南省,河南省焦作市山阳区,24,35.241160124283,113.27635056977
河南省,河南省焦作市济源市,24,34.157183767956,113.48680405753
河南省,河南省焦作市解放区,24,35.241712363011,113.23080396516
河南省,河南省焦作市马村区,24,35.304171016133,113.36732116029
河南省,河南省焦作市高新区,24,34.81568828368,113.57458395671
河南省,河南省许昌市魏都区,24,34.043477065508,113.82531644192
河南省,河南省郑州市上街区,24,34.822088918243,113.29818225705
河南省,河南省郑州市中原区,24,34.779474293205,113.55728142479
河南省,河南省郑州市二七区,24,34.75661006414,113.64964384986
河南省,河南省郑州市巩义市,24,34.703798883243,113.03959002892
河南省,河南省郑州市新密市,24,34.514074899467,113.43985443365
河南省,河南省郑州市新开发区,24,34.75661006414,113.64964384986
河南省,河南省郑州市新新开发区,24,34.75661006414,113.64964384986
河南省,河南省郑州市新郑市,24,34.459442752589,113.73611501497
河南省,河南省郑州市登封市,24,34.418362166819,113.04174933248
河南省,河南省郑州市管城回族区,24,34.70900380778,113.72186105524
河南省,河南省郑州市荥阳市,24,34.806179937519,113.35180180957
河南省,河南省郑州市邙山区,24,34.944788335616,113.52253306415
河南省,河南省郑州市郑东新区,24,34.781492087549,113.7409055812
河南省,河南省郑州市金水区,24,34.797406405145,113.70801125038
河南省,河南省郑州市高新区,24,34.81568828368,113.57458395671
河南省,河南省郑州市高新技术开发区,24,34.814598797578,113.56624615445
河南省,河南省驻马店市驿城区,24,32.968356527361,114.00828960502
河南省,河南省鹤壁市淇滨区,24,35.812418921012,114.19951434914
河南省,河南省三门峡市义马市,48,34.749524796841,111.90609266704
河南省,河南省三门峡市卢氏县,48,33.973393506457,110.99472361928
河南省,河南省三门峡市渑池县,48,34.839691429224,111.80253536998
河南省,河南省三门峡市灵宝市,48,34.437104010525,110.77973742779
河南省,河南省三门峡市陕县,48,34.643633292925,111.37606459465
河南省,河南省信阳市光山县,48,31.941431722351,114.84316193505
河南省,河南省信阳市商城县,48,31.766261672209,115.37524581828
河南省,河南省信阳市固始县,48,32.13694390485,115.70974321125
河南省,河南省信阳市息县,48,32.410808174844,114.87168181062
河南省,河南省信阳市新县,48,31.646279005794,114.85908905243
河南省,河南省信阳市淮滨县,48,32.44657354908,115.32456065214
河南省,河南省信阳市潢川县,48,32.132798426222,115.16440991805
河南省,河南省信阳市罗山县,48,32.031230299697,114.44356295731
河南省,河南省南阳市内乡县,48,33.224377176241,111.8474050987
河南省,河南省南阳市南召县,48,33.472841576965,112.39366620514
河南省,河南省南阳市唐河县,48,32.619993292449,112.85911827542
河南省,河南省南阳市新野县,48,32.553440600793,112.41599071451
河南省,河南省南阳市方城县,48,33.29995432977,113.01682220295
河南省,河南省南阳市桐柏县,48,32.495650299965,113.43416900109
河南省,河南省南阳市淅川县,48,32.989722669393,111.44539628251
河南省,河南省南阳市社旗县,48,32.982431382713,112.99852720955
河南省,河南省南阳市西峡县,48,33.48692481474,111.43898978054
河南省,河南省南阳市邓州市,48,32.684649552173,112.0568605764
河南省,河南省南阳市镇平县,48,33.070817074221,112.19328453943
河南省,河南省周口市商水县,48,33.52093272236,114.5595768694
河南省,河南省周口市太康县,48,34.097096248874,114.85570075514
河南省,河南省周口市扶沟县,48,34.100655472765,114.43732658093
河南省,河南省周口市沈丘县,48,33.295149932293,115.17871821127
河南省,河南省周口市淮阳县,48,33.709946652498,114.90201820622
河南省,河南省周口市西华县,48,33.793632327288,114.47808721231
河南省,河南省周口市郸城县,48,33.641500072188,115.30129735228
河南省,河南省周口市项城市,48,33.274470322798,114.89338047633
河南省,河南省周口市鹿邑县,48,33.894050509383,115.38398333433
河南省,河南省商丘市夏邑县,48,34.223680706067,116.15745373108
河南省,河南省商丘市宁陵县,48,34.454601801008,115.29840053317
河南省,河南省商丘市柘城县,48,34.111651823091,115.30904185846
河南省,河南省商丘市民权县,48,34.696116524323,115.17841405829
河南省,河南省商丘市永城市,48,33.972013062908,116.33077515791
河南省,河南省商丘市睢县,48,34.39975982873,115.04300110058
河南省,河南省商丘市虞城县,48,34.36907192525,115.9142248589
河南省,河南省安阳市内黄县,48,35.906569063676,114.82334356443
河南省,河南省安阳市安阳县,48,36.125134517065,114.31712430011
河南省,河南省安阳市林州市,48,36.016561032268,113.86108354948
河南省,河南省安阳市汤阴县,48,35.907982338855,114.46206281377
河南省,河南省安阳市滑县,48,35.471733779112,114.67364721954
河南省,河南省平顶山市叶县,48,33.551013481912,113.3506762416
河南省,河南省平顶山市宝丰县,48,33.915497347446,113.03577147499
河南省,河南省平顶山市汝州市,48,34.162777545453,112.8127174803
河南省,河南省平顶山市舞钢市,48,33.289605497055,113.52599604654
河南省,河南省平顶山市郏县,48,34.005498968871,113.23328182561
河南省,河南省平顶山市鲁山县,48,33.748697388191,112.74030934124
河南省,河南省开封市兰考县,48,34.879764140336,114.98029307097
河南省,河南省开封市尉氏县,48,34.388437240132,114.16103722407
河南省,河南省开封市开封县,48,34.726003946564,114.45218554786
河南省,河南省开封市杞县,48,34.505963464038,114.76878210877
河南省,河南省开封市通许县,48,34.441630948349,114.50219933719
河南省,河南省开封市郊区,48,34.801854175837,114.35164211776
河南省,河南省新乡市北站区,48,35.388809305304,113.92753160514
河南省,河南省新乡市卫辉市,48,35.499572079266,114.07811240389
河南省,河南省新乡市原阳县,48,35.029035610429,113.95316420007
河南省,河南省新乡市封丘县,48,35.040384096253,114.48767812651
河南省,河南省新乡市延津县,48,35.279607523872,114.23135664543
河南省,河南省新乡市新乡县,48,35.220522070112,113.84824573704
河南省,河南省新乡市获嘉县,48,35.203480558843,113.65196887023
河南省,河南省新乡市辉县市,48,35.543594465927,113.68789198968
河南省,河南省新乡市郊区,48,35.307257557661,113.91269016082
河南省,河南省新乡市长垣县,48,35.218127613796,114.76690326799
河南省,河南省洛阳市伊川县,48,34.407088177948,112.46887702474
河南省,河南省洛阳市偃师市,48,34.630801858346,112.73482167429
河南省,河南省洛阳市吉利区,48,34.905378745091,112.58976455586
河南省,河南省洛阳市孟津县,48,34.831148181123,112.47699634585
河南省,河南省洛阳市宜阳县,48,34.486036200799,112.04046789874
河南省,河南省洛阳市嵩县,48,34.010600110067,112.04951135131
河南省,河南省洛阳市新安县,48,34.837606946675,112.12774350044
河南省,河南省洛阳市栾川县,48,33.912392483904,111.61701356274
河南省,河南省洛阳市汝阳县,48,34.06296675028,112.4355439591
河南省,河南省洛阳市洛宁县,48,34.345208388992,111.50679130206
河南省,河南省漯河市临颍县,48,33.844425731931,113.96389863435
河南省,河南省漯河市舞阳县,48,33.549301454759,113.68005525753
河南省,河南省濮阳市南乐县,48,36.097697402715,115.24982310475
河南省,河南省濮阳市台前县,48,35.966389126572,115.88573804863
河南省,河南省濮阳市清丰县,48,35.924381925846,115.1612013425
河南省,河南省濮阳市濮阳县,48,35.59228702617,115.15660204659
河南省,河南省濮阳市范县,48,35.801404731968,115.53840075342
河南省,河南省焦作市修武县,48,35.309677964198,113.36352820836
河南省,河南省焦作市博爱县,48,35.186007002113,113.07507819608
河南省,河南省焦作市孟州市,48,34.925884390003,112.76969911916
河南省,河南省焦作市武陟县,48,35.057332269363,113.39993452059
河南省,河南省焦作市沁阳市,48,35.133826023222,112.8883049259
河南省,河南省焦作市温县,48,34.950259905072,113.05529612566
河南省,河南省许昌市禹州市,48,34.200307558026,113.39269360872
河南省,河南省许昌市襄城县,48,33.86190518971,113.56898289597
河南省,河南省许昌市许昌县,48,34.048516339751,113.83526207686
河南省,河南省许昌市鄢陵县,48,34.01192963976,114.20240879522
河南省,河南省许昌市长葛市,48,34.236601226737,113.85556820652
河南省,河南省郑州市中牟县,48,34.720319012422,114.01122240275
河南省,河南省郑州市惠济区,48,34.869446814666,113.62834116351
河南省,河南省驻马店市上蔡县,48,33.301221213377,114.40923857452
河南省,河南省驻马店市平舆县,48,32.992143963522,114.64744862019
河南省,河南省驻马店市新蔡县,48,32.783574270118,114.94939334965
河南省,河南省驻马店市正阳县,48,32.546931233463,114.49796073761
河南省,河南省驻马店市汝南县,48,32.921968466052,114.3257758188
河南省,河南省驻马店市泌阳县,48,32.883863636522,113.44717429859
河南省,河南省驻马店市确山县,48,32.711951228899,113.96358973796
河南省,河南省驻马店市西平县,48,33.37154892996,113.92283839684
河南省,河南省驻马店市遂平县,48,33.167855168478,113.90248496569
河南省,河南省鹤壁市山城区,48,35.927453768113,114.25302901346
河南省,河南省鹤壁市浚县,48,35.686206113273,114.46718581475
河南省,河南省鹤壁市淇县,48,35.667571747251,114.16903374394
河南省,河南省鹤壁市鹤山区,48,35.973345969386,114.09845417079
浙江省,浙江省杭州市上城区,24,30.232357639233,120.18012613889
浙江省,浙江省杭州市下城区,24,30.310287874904,120.18653502974
浙江省,浙江省杭州市江干区,24,30.315832099954,120.30382324371
浙江省,浙江省杭州市拱墅区,24,30.344732010358,120.15884493257
浙江省,浙江省杭州市西湖区,24,30.207036169515,120.08899292561
浙江省,浙江省杭州市滨江区,24,30.187587607727,120.19237042946
浙江省,浙江省杭州市萧山区,24,30.172893839066,120.38908074858
浙江省,浙江省杭州市余杭区,24,30.388119980754,119.99808906005
浙江省,浙江省宁波市海曙区,24,29.876800511994,121.5353945773
浙江省,浙江省宁波市江东区,24,29.87539247212,121.5980008523
浙江省,浙江省宁波市江北区,24,29.96639219001,121.49329902932
浙江省,浙江省宁波市北仑区,24,29.868332319465,121.88941885595
浙江省,浙江省宁波市镇海区,24,29.995449382446,121.61663045279
浙江省,浙江省宁波市鄞州区,24,29.78545893326,121.53783481355
浙江省,浙江省温州市鹿城区,24,28.067865050513,120.56579853224
浙江省,浙江省温州市龙湾区,24,27.913340713281,120.81107773683
浙江省,浙江省温州市瓯海区,24,27.972177190591,120.55840358596
浙江省,浙江省嘉兴市南湖区,24,30.716357921235,120.84453542647
浙江省,浙江省嘉兴市秀洲区,24,30.777678969089,120.69190746888
浙江省,浙江省湖州市吴兴区,24,30.808545234564,120.08891886954
浙江省,浙江省湖州市南浔区,24,30.766830865515,120.30914675944
浙江省,浙江省绍兴市越城区,24,30.015792939952,120.61832665179
浙江省,浙江省金华市婺城区,24,28.984539673649,119.51757234284
浙江省,浙江省金华市金东区,24,29.155526265081,119.80922749595
浙江省,浙江省衢州市柯城区,24,28.998535292058,118.8130029548
浙江省,浙江省衢州市衢江区,24,28.941983087299,118.93904421103
浙江省,浙江省台州市椒江区,24,28.657015656331,121.46737635254
浙江省,浙江省台州市黄岩区,24,28.604655275769,121.08831775253
浙江省,浙江省台州市路桥区,24,28.548659438247,121.45024245576
浙江省,浙江省丽水市莲都区,24,28.447361330679,119.84995169272
浙江省,浙江省杭州市桐庐县,24,29.836582478934,119.5604618667
浙江省,浙江省杭州市淳安县,24,29.614714225509,118.89576489835
浙江省,浙江省杭州市建德市,24,29.487115319259,119.37953322636
浙江省,浙江省杭州市富阳市,24,30.001094338656,119.84669198519
浙江省,浙江省杭州市临安市,24,30.207683765784,119.35029466684
浙江省,浙江省宁波市象山县,24,29.378771009449,121.85866557564
浙江省,浙江省宁波市宁海县,24,29.314474088639,121.46362436946
浙江省,浙江省宁波市余姚市,24,29.996456719011,121.15277918829
浙江省,浙江省宁波市慈溪市,24,30.189257122714,121.33840825932
浙江省,浙江省宁波市奉化市,24,29.617073470394,121.37718563878
浙江省,浙江省温州市洞头县,24,27.903663645417,121.1258261465
浙江省,浙江省温州市永嘉县,24,28.336390468031,120.66880872172
浙江省,浙江省温州市平阳县,24,27.637700763436,120.38938725481
浙江省,浙江省温州市苍南县,24,27.434436382653,120.44554278341
浙江省,浙江省温州市文成县,24,27.81271343668,120.02842209847
浙江省,浙江省温州市泰顺县,24,27.536406837073,119.88486761051
浙江省,浙江省温州市瑞安市,24,27.82923052833,120.46834036335
浙江省,浙江省温州市乐清市,24,28.26183898877,121.01617490318
浙江省,浙江省嘉兴市嘉善县,24,30.905748069187,120.90887281597
浙江省,浙江省嘉兴市海盐县,24,30.526042585394,120.88557558868
浙江省,浙江省嘉兴市海宁市,24,30.442176799317,120.61872710778
浙江省,浙江省嘉兴市平湖市,24,30.716528587208,121.10583903762
浙江省,浙江省嘉兴市桐乡市,24,30.612341030328,120.49041120216
浙江省,浙江省湖州市德清县,24,30.567582881042,120.04983138985
浙江省,浙江省湖州市长兴县,24,30.983352787535,119.81941984715
浙江省,浙江省湖州市安吉县,24,30.626370494334,119.58315792627
浙江省,浙江省绍兴市绍兴县,24,29.968788982505,120.57245059656
浙江省,浙江省绍兴市新昌县,24,29.414313976622,120.97570154218
浙江省,浙江省绍兴市诸暨市,24,29.699399516981,120.28143440994
浙江省,浙江省绍兴市上虞市,24,29.978040053661,120.88943232283
浙江省,浙江省绍兴市嵊州市,24,29.591008031468,120.76143097735
浙江省,浙江省金华市武义县,24,28.774055561598,119.72083317224
浙江省,浙江省金华市浦江县,24,29.526266410155,119.91048752626
浙江省,浙江省金华市磐安县,24,29.04420249188,120.56744721648
浙江省,浙江省金华市兰溪市,24,29.284102536325,119.53333759742
浙江省,浙江省金华市义乌市,24,29.306443911839,120.06729564867
浙江省,浙江省金华市东阳市,24,29.237426947341,120.38081772668
浙江省,浙江省金华市永康市,24,28.940176566983,120.10868352215
浙江省,浙江省衢州市常山县,24,28.973666155532,118.54767046745
浙江省,浙江省衢州市开化县,24,29.18993794143,118.33165006627
浙江省,浙江省衢州市龙游县,24,28.997079389242,119.19866420604
浙江省,浙江省衢州市江山市,24,28.581969944141,118.60708619901
浙江省,浙江省台州市玉环县,24,28.179738010609,121.28442605522
浙江省,浙江省台州市三门县,24,29.017744246024,121.48822880178
浙江省,浙江省台州市天台县,24,29.151778640761,120.98556322305
浙江省,浙江省台州市仙居县,24,28.738741988629,120.64060572539
浙江省,浙江省台州市温岭市,24,28.400553817107,121.42104597878
浙江省,浙江省台州市临海市,24,28.857388590573,121.22191927302
浙江省,浙江省丽水市青田县,24,28.208428623515,120.14673815822
浙江省,浙江省丽水市缙云县,24,28.666326291231,120.19188183536
浙江省,浙江省丽水市遂昌县,24,28.525410332354,119.08934238361
浙江省,浙江省丽水市松阳县,24,28.41158038279,119.44101320226
浙江省,浙江省丽水市云和县,24,28.131320418187,119.54173007925
浙江省,浙江省丽水市庆元县,24,27.62804612399,119.15761923529
浙江省,浙江省丽水市景宁畲族自治县,24,27.896052631241,119.61928969769
浙江省,浙江省丽水市龙泉市,24,28.050639306133,119.08229725532
湖北省,湖北省武汉市江岸区,24,30.656090889378,114.33286813952
湖北省,湖北省武汉市江汉区,24,30.610951375707,114.26638369307
湖北省,湖北省武汉市硚口区,24,30.581084126921,114.31620010268
湖北省,湖北省武汉市汉阳区,24,30.547265210116,114.21759191464
湖北省,湖北省武汉市武昌区,24,30.564860292785,114.35362228468
湖北省,湖北省武汉市青山区,24,30.633205056354,114.44449542245
湖北省,湖北省武汉市洪山区,24,30.54362328175,114.43389643664
湖北省,湖北省武汉市东西湖区,24,30.69815326481,114.08715512184
湖北省,湖北省武汉市汉南区,24,30.287139798861,113.96273175623
湖北省,湖北省武汉市蔡甸区,24,30.456183515878,113.97206459286
湖北省,湖北省武汉市江夏区,24,30.252484112134,114.36708160048
湖北省,湖北省武汉市黄陂区,24,30.985285897674,114.36464422879
湖北省,湖北省武汉市新洲区,24,30.803887901859,114.76208468205
湖北省,湖北省黄石市黄石港区,24,30.233764966969,115.0731593966
湖北省,湖北省黄石市西塞山区,24,30.184485507434,115.1322665517
湖北省,湖北省黄石市下陆区,24,30.195818128952,114.99298679763
湖北省,湖北省黄石市铁山区,24,30.218698027629,114.90300946351
湖北省,湖北省鄂州市华容区,24,30.473067617235,114.7014718376
湖北省,湖北省鄂州市鄂城区,24,30.320603111112,114.90101603375
湖北省,湖北省孝感市孝南区,24,30.9446167023,114.01614199013
湖北省,湖北省黄冈市黄州区,24,30.518802478736,114.94956939748
湖北省,湖北省咸宁市咸安区,24,29.854650359958,114.39186727646
湖南省,湖南省长沙市芙蓉区,24,28.203810552355,113.02096885649
湖南省,湖南省长沙市天心区,24,28.144470861087,112.99619520748
湖南省,湖南省长沙市岳麓区,24,28.202706634928,112.90869935253
湖南省,湖南省长沙市开福区,24,28.260219056422,113.02472997183
湖南省,湖南省长沙市雨花区,24,28.146444362118,113.02020071545
湖南省,湖南省长沙市望城区,24,28.213478230853,112.97935278765
湖南省,湖南省衡阳市南岳区,48,27.259358565856,112.70876706188
湖南省,湖南省岳阳市君山区,48,29.461963175999,112.82353001902
湖南省,湖南省张家界市永定区,48,29.08853881247,110.50100729665
湖南省,湖南省郴州市北湖区,48,25.679158376796,112.88447564616
湖南省,湖南省郴州市苏仙区,48,25.773515156215,113.05100154527
湖南省,湖南省永州市零陵区,48,26.102311299933,111.56391866724
湖南省,湖南省永州市冷水滩区,48,26.560381677834,111.6215855691
湖南省,湖南省怀化市鹤城区,48,27.612024135064,109.94553900894
福建省,福建省福州市鼓楼区,24,26.097871106548,119.29063293961
福建省,福建省福州市台江区,24,26.062153767548,119.32406268487
福建省,福建省福州市仓山区,24,26.019664381274,119.33493643794
福建省,福建省福州市晋安区,24,26.221752079694,119.31492287341
福建省,福建省厦门市思明区,24,24.468728076403,118.13453488213
福建省,福建省厦门市湖里区,24,24.521973931072,118.14467575095
福建省,福建省福州市仓山区,48,26.019664381274,119.33493643794
福建省,福建省福州市马尾区,48,26.082650321112,119.51080249492
福建省,福建省福州市闽侯县,48,26.182432187564,119.12238323588
福建省,福建省福州市连江县,48,26.301591411273,119.5683393031
福建省,福建省福州市闽清县,48,26.212273389994,118.77880310691
福建省,福建省福州市永泰县,48,25.857384057085,118.79474057257
福建省,福建省福州市平潭县,48,25.537737674887,119.76645322176
福建省,福建省福州市福清市,48,25.638120577122,119.37754701319
福建省,福建省福州市长乐市,48,25.915538436925,119.56271983507
福建省,福建省厦门市海沧区,48,24.53619033141,117.98395590267
福建省,福建省厦门市集美区,48,24.640972798479,118.02941167016
福建省,福建省厦门市同安区,48,24.781704734783,118.11468496447
福建省,福建省莆田市城厢区,48,25.433374872116,118.95444257513
福建省,福建省莆田市涵江区,48,25.604741724857,119.07903889678
福建省,福建省莆田市荔城区,48,25.427591842484,119.07410333682
福建省,福建省三明市梅列区,48,26.307448553348,117.63050069122
福建省,福建省三明市三元区,48,26.173967139255,117.51689648494
福建省,福建省泉州市鲤城区,48,24.905744690408,118.56845525017
福建省,福建省泉州市丰泽区,48,24.936275095413,118.6074317381
福建省,福建省泉州市洛江区,48,25.133414113301,118.64345333988
福建省,福建省泉州市泉港区,48,25.173479375703,118.81901718056
福建省,福建省泉州市石狮市,48,24.744894247253,118.69248092208
福建省,福建省泉州市晋江市,48,24.729638297698,118.55865054225
福建省,福建省泉州市南安市,48,25.017972545094,118.38898065958
福建省,福建省漳州市芗城区,48,24.575089413411,117.63336610614
福建省,福建省漳州市龙文区,48,24.537177249549,117.70403687855
福建省,福建省南平市延平区,48,26.590155096909,118.25473662436
福建省,福建省龙岩市新罗区,48,25.22220637939,117.08632241393
福建省,福建省宁德市蕉城区,48,26.763865425402,119.45455949068
福建省,福建省宁德市福安市,48,27.055896714799,119.65627713286
福建省,福建省宁德市福鼎市,48,27.224828701234,120.19830746412
重庆,重庆重庆市渝中区,24,29.555236194395,106.54696678483
重庆,重庆重庆市大渡口区,24,29.424139786946,106.46532181465
重庆,重庆重庆市江北区,24,29.619317744064,106.71361473094
重庆,重庆重庆市沙坪坝区,24,29.630548136629,106.37480489265
重庆,重庆重庆市九龙坡区,24,29.434566154958,106.37059488439
重庆,重庆重庆市南岸区,24,29.541514618903,106.66717849904
重庆,重庆重庆市北碚区,24,29.866596066865,106.52034245432
重庆,重庆重庆市大足区,24,29.660708518368,105.74762640461
重庆,重庆重庆市渝北区,24,29.816264082426,106.7537985312
重庆,重庆重庆市巴南区,24,29.378027968889,106.7582741592
重庆,重庆重庆市永川区,24,29.296487646991,105.88035760368
重庆,重庆重庆市永川区,48,29.296487646991,105.88035760368
重庆,重庆重庆市荣昌县,48,29.471195885653,105.51265645524
重庆,重庆重庆市大足区,48,29.660708518368,105.74762640461
重庆,重庆重庆市双桥区,48,29.502833649969,105.79342488976
重庆,重庆重庆市潼南县,48,30.149932965958,105.81967884516
重庆,重庆重庆市铜梁区,48,29.818322825123,106.03924293979
